{
    "runId":  "queue-wait-attribution-local-20260510-2120-batch-20",
    "environment":  "local synthetic / local PostgreSQL + OpenSearch smoke",
    "eventCount":  100,
    "claimedEvents":  100,
    "doneEvents":  100,
    "failedEvents":  0,
    "pendingCount":  0,
    "processingCount":  0,
    "totalProcessingTimeMs":  82422,
    "totalIndexingLagMs":  {
                               "max":  82576.4050000,
                               "p50":  45802.308000000005,
                               "p95":  79457.4898,
                               "p99":  81886.11067000001,
                               "doneCount":  100
                           },
    "breakdown":  {
                      "queueWaitMs":  {
                                          "p50":  36295,
                                          "p95":  70085,
                                          "p99":  70085,
                                          "max":  70085
                                      },
                      "sourceDocumentLoadMs":  {
                                                   "p50":  317,
                                                   "p95":  634,
                                                   "p99":  1233,
                                                   "max":  1574
                                               },
                      "openSearchWriteMs":  {
                                                "p50":  62,
                                                "p95":  120,
                                                "p99":  198,
                                                "max":  250
                                            },
                      "outboxStateTransitionMs":  {
                                                      "p50":  327,
                                                      "p95":  626,
                                                      "p99":  798,
                                                      "max":  1571
                                                  },
                      "relayProcessingMs":  {
                                                "p50":  720,
                                                "p95":  1267,
                                                "p99":  1976,
                                                "max":  2567
                                            }
                  },
    "openSearchWriteDeleteCallCount":  100,
    "relayTimingLogLineCount":  100,
    "indexName":  "products_search_single_index_baseline_20260510212020",
    "writeAlias":  "products_search_single_index_baseline_write"
}
